Scheduler;Workload;NPUarray;Scheduler_runtime(ns);Ttot(s);Etot(mJ);Etot_idle(mJ)
Random;Workload_Large;4x2304;190889;46.027862455238726;65803.08534502483;196550.98021878785
Random;Workload_Medium;4x2304;159319;19.283153143102666;109705.73416901415;90804.00366380738
Random;Workload_Mid-energy skew;4x2304;145353;8.22725004593976;24553.485611573466;62928.75734281658
Random;Workload_High-energy skew;4x2304;146124;30.208848692705136;214587.85040811345;197811.3230227824
Random;Workload_Small;4x2304;130793;16.46977514673264;8967.23486175057;177868.31306747507
Random;Workload_Uniform;4x2304;135004;25.717275031029263;25855.45016862402;240468.62339548336
Random;Workload_Low-energy skew;4x2304;135377;6.642012470183456;48871.51532058534;54742.86567749447
Random;Workload_Large;1x512_1x1024_1x2304_1x4096;145512;82.49224003951988;149725.58521377257;532279.4617130659
Random;Workload_Medium;1x512_1x1024_1x2304_1x4096;139838;68.14667354936628;131038.05007685791;643892.8875980645
Random;Workload_Mid-energy skew;1x512_1x1024_1x2304_1x4096;128480;13.20159813517772;30052.287396531083;109603.94962112539
Random;Workload_High-energy skew;1x512_1x1024_1x2304_1x4096;142991;30.208848692705136;186185.63629056572;167594.68405991964
Random;Workload_Small;1x512_1x1024_1x2304_1x4096;123018;35.64546871185303;187493.01515846406;365583.89853032073
Random;Workload_Uniform;1x512_1x1024_1x2304_1x4096;153252;30.515645278167977;63444.52071798836;243143.41189976464
Random;Workload_Low-energy skew;1x512_1x1024_1x2304_1x4096;135970;21.39294155982231;92408.2080693499;219747.06112594472
Random;Workload_Large;4x1024_1x2304;155312;58.83477135459671;71626.89219195454;295738.16359908803
Random;Workload_Medium;4x1024_1x2304;138691;40.43826096238609;104036.31056325954;381865.36426539125
Random;Workload_Mid-energy skew;4x1024_1x2304;136374;14.915022908005824;30715.26947189401;168834.94751447628
Random;Workload_High-energy skew;4x1024_1x2304;128411;39.21069065258249;309758.77124253963;298296.2103578315
Random;Workload_Small;4x1024_1x2304;128907;28.719591410718728;91404.2575666776;380163.44104351115
Random;Workload_Uniform;4x1024_1x2304;128690;45.94116826530414;23528.225042478523;564400.796162094
Random;Workload_Low-energy skew;4x1024_1x2304;132455;7.67862057685852;62495.850268351656;80304.9731757573
Random;Workload_Large;2x512_1x1024_1x2304_1x4096;163575;93.82732624742982;201224.229840832;819374.0730771541
Random;Workload_Medium;2x512_1x1024_1x2304_1x4096;136306;41.512018575658274;293052.5802561199;344606.2644903502
Random;Workload_Mid-energy skew;2x512_1x1024_1x2304_1x4096;130094;8.22725004593976;33024.2965095365;71795.19952106818
Random;Workload_High-energy skew;2x512_1x1024_1x2304_1x4096;135832;68.14667354936628;367871.42240890855;742346.1819494853
Random;Workload_Small;2x512_1x1024_1x2304_1x4096;123444;22.952761439022524;78203.03819190383;281715.4208209055
Random;Workload_Uniform;2x512_1x1024_1x2304_1x4096;129749;29.713307980707533;24013.387302302202;306553.2449625586
Random;Workload_Low-energy skew;2x512_1x1024_1x2304_1x4096;134536;23.49398215624576;19350.24083460518;322263.2215904581
Random;Workload_Large;3x1024_2x4096;147195;64.57749981393053;137335.76071562176;515982.6032182531
Random;Workload_Medium;3x1024_2x4096;137405;28.723555876075324;142605.44312039707;298934.005718063
Random;Workload_Mid-energy skew;3x1024_2x4096;130860;16.021069353101392;30402.21051073772;208773.69424688932
Random;Workload_High-energy skew;3x1024_2x4096;129694;29.713307980707533;319141.5751946273;235277.0915071988
Random;Workload_Small;3x1024_2x4096;124704;14.4279625415802;137742.62383364126;170160.91743408266
Random;Workload_Uniform;3x1024_2x4096;136867;44.85416759226358;95886.36679688923;616355.3194603915
Random;Workload_Low-energy skew;3x1024_2x4096;128554;12.050803277209498;67169.30503908417;158227.09609416578
Random;Workload_Large;2x2304_2x4096;156803;43.77942742878607;105470.92782650556;244587.57677516516
Random;Workload_Medium;2x2304_2x4096;137665;30.702825386118658;108966.10574152652;304593.1205241941
Random;Workload_Mid-energy skew;2x2304_2x4096;129587;8.22725004593976;24307.721265768065;71185.5953829076
Random;Workload_High-energy skew;2x2304_2x4096;123457;25.652140785229705;152935.4481128623;200673.62461262778
Random;Workload_Small;2x2304_2x4096;121390;8.15833044052124;106877.8541841291;63497.57102727321
Random;Workload_Uniform;2x2304_2x4096;136356;10.776814583785429;48851.22040825088;47939.65526033259
Random;Workload_Low-energy skew;2x2304_2x4096;136607;5.106756989331444;40654.76830033621;42665.92518463906
Random;Workload_Large;1x512_3x4096;152282;55.16899649158085;20622.495299894952;364738.64096377196
Random;Workload_Medium;1x512_3x4096;137504;49.08808470815723;167179.69274423292;500027.4821097626
Random;Workload_Mid-energy skew;1x512_3x4096;132196;5.817010245560928;26941.716911375945;37512.18304563821
Random;Workload_High-energy skew;1x512_3x4096;132643;49.84012104507186;239581.44330671997;471311.9869519324
Random;Workload_Small;1x512_3x4096;123572;8.15833044052124;70066.34530988382;64415.25591468869
Random;Workload_Uniform;1x512_3x4096;133108;12.968965857247687;61307.16169594163;88232.3559961519
Random;Workload_Low-energy skew;1x512_3x4096;143841;21.63537781878213;90702.12205199228;249939.34773316592
Random;Workload_Large;4x1024;160290;98.53286842358594;95312.77906201113;535867.8539852084
Random;Workload_Medium;4x1024;142805;34.2826910336986;93291.47702711241;153749.1651089252
Random;Workload_Mid-energy skew;4x1024;135845;12.050803277209498;77402.29334108625;74535.62403809364
Random;Workload_High-energy skew;4x1024;140707;47.036027607181545;298836.0976339943;230323.6196381761
Random;Workload_Small;4x1024;128553;21.70505213737488;180154.23463750794;158011.80199622444
Random;Workload_Uniform;4x1024;133107;20.215925308832578;98664.88931793904;52043.46765504626
Random;Workload_Low-energy skew;4x1024;128762;12.702930017814685;65053.24815485083;110407.12109196477
Random;Workload_Large;4x512;154809;123.50240707082354;124110.23189121409;337696.73191885074
Random;Workload_Medium;4x512;141321;50.025599963336404;137724.89372634987;154921.06656349936
Random;Workload_Mid-energy skew;4x512;153480;24.512581318222733;36527.33750767526;188441.60678447556
Random;Workload_High-energy skew;4x512;142264;76.5083559055612;432639.75819014735;331914.74312460463
Random;Workload_Small;4x512;132158;35.64546871185303;154887.67815591488;262091.03421185783
Random;Workload_Uniform;4x512;133597;41.512018575658274;209894.29007975155;186497.9324286328
Random;Workload_Low-energy skew;4x512;137377;21.63537781878213;93663.32353910626;188700.7715058079
Random;Workload_Large;3x4096;156745;43.27294011717459;52545.23279564773;163477.4178716555
Random;Workload_Medium;3x4096;143040;16.99358159618008;53701.63992178391;65794.78634299203
Random;Workload_Mid-energy skew;3x4096;133442;8.140469315517457;10356.462207248182;53903.39750557878
Random;Workload_High-energy skew;3x4096;144760;27.465052440229588;125715.0027303797;156421.2733206061
Random;Workload_Small;3x4096;115478;10.674808794865275;50439.45046617984;81278.74549436764
Random;Workload_Uniform;3x4096;139520;13.817540193471821;15696.966843880848;63207.50333565999
Random;Workload_Low-energy skew;3x4096;125336;5.881781023739815;10667.937296417966;35152.50834878474
Round-Robin;Workload_Large;4x2304;2529808;32.5798961783605;23244.681502657688;0.0
Round-Robin;Workload_Medium;4x2304;1106059;16.46977514673264;72232.11048771918;54357.59843285651
Round-Robin;Workload_Mid-energy skew;4x2304;899769;8.22725004593976;24553.485611573466;62873.25680567989
Round-Robin;Workload_High-energy skew;4x2304;949647;16.46977514673264;217520.21458717098;4981.204764093823
Round-Robin;Workload_Small;4x2304;446332;12.09356451034546;127894.73401595345;96574.92139913511
Round-Robin;Workload_Uniform;4x2304;1043005;11.040628042309786;24251.453894131366;24993.88206718759
Round-Robin;Workload_Low-energy skew;4x2304;882519;7.006313990744372;47505.0809516897;60867.06794026806
Round-Robin;Workload_Large;1x512_1x1024_1x2304_1x4096;2542836;96.99166745383454;26347.26362895037;667111.7422429682
Round-Robin;Workload_Medium;1x512_1x1024_1x2304_1x4096;1042588;48.4657800841362;128898.08017563238;398754.2373823019
Round-Robin;Workload_Mid-energy skew;1x512_1x1024_1x2304_1x4096;891603;14.572448369151488;27771.513857115104;127676.4679488762
Round-Robin;Workload_High-energy skew;1x512_1x1024_1x2304_1x4096;948363;48.4657800841362;285774.97674025287;332836.9762928293
Round-Robin;Workload_Small;1x512_1x1024_1x2304_1x4096;445155;26.113783359527588;183912.45041401032;237012.42179295298
Round-Robin;Workload_Uniform;1x512_1x1024_1x2304_1x4096;1032233;22.952761439022524;27488.414890131262;137076.9168617866
Round-Robin;Workload_Low-energy skew;1x512_1x1024_1x2304_1x4096;904811;21.39294155982231;93426.15404665822;218489.88850768766
Round-Robin;Workload_Large;4x1024_1x2304;2936267;56.673020428887305;102220.26627879543;242009.472503156
Round-Robin;Workload_Medium;4x1024_1x2304;1193587;29.713307980707533;178857.4928963597;198605.60024071083
Round-Robin;Workload_Mid-energy skew;4x1024_1x2304;992841;13.20159813517772;37400.61125849756;140079.24045792758
Round-Robin;Workload_High-energy skew;4x1024_1x2304;1123665;28.719591410718728;344011.68335796846;131414.96224287915
Round-Robin;Workload_Small;4x1024_1x2304;495000;21.70505213737488;180154.2346375079;237234.62767035302
Round-Robin;Workload_Uniform;4x1024_1x2304;1174023;29.713307980707533;107939.56935453045;285935.39349505445
Round-Robin;Workload_Low-energy skew;4x1024_1x2304;993377;12.050803277209498;67473.37292184583;145775.31088216274
Round-Robin;Workload_Large;2x512_1x1024_1x2304_1x4096;2868273;95.36085558402361;101738.52168572447;812753.2901547541
Round-Robin;Workload_Medium;2x512_1x1024_1x2304_1x4096;1179701;50.025599963336404;156570.27972763294;499812.5756315164
Round-Robin;Workload_Mid-energy skew;2x512_1x1024_1x2304_1x4096;1002297;22.939579145669022;36900.79926590154;289720.5330241278
Round-Robin;Workload_High-energy skew;2x512_1x1024_1x2304_1x4096;1101755;48.4657800841362;372099.24807679275;451825.1416900273
Round-Robin;Workload_Small;2x512_1x1024_1x2304_1x4096;547487;26.113783359527588;214077.94072011212;291265.9166795664
Round-Robin;Workload_Uniform;2x512_1x1024_1x2304_1x4096;1181096;50.025599963336404;107394.50467407782;566649.3413054936
Round-Robin;Workload_Low-energy skew;2x512_1x1024_1x2304_1x4096;1001461;6.642012470183456;49790.53461647957;74069.22443701515
Round-Robin;Workload_Large;3x1024_2x4096;2870820;56.673020428887305;99253.87737026402;404134.2710271424
Round-Robin;Workload_Medium;3x1024_2x4096;1185300;29.713307980707533;144368.45750689547;264995.9377409941
Round-Robin;Workload_Mid-energy skew;3x1024_2x4096;1020465;13.20159813517772;34259.74837260922;161370.37584503726
Round-Robin;Workload_High-energy skew;3x1024_2x4096;1086844;28.59048088078472;299916.6239532025;228709.07916036312
Round-Robin;Workload_Small;3x1024_2x4096;502474;21.70505213737488;177182.73845892717;265821.9670361975
Round-Robin;Workload_Uniform;3x1024_2x4096;1180533;29.713307980707533;104798.70646864208;323817.25689662196
Round-Robin;Workload_Low-energy skew;3x1024_2x4096;1011645;4.712141844931757;43725.860316840066;48655.57048096726
Round-Robin;Workload_Large;2x2304_2x4096;2515811;32.5798961783605;21787.596935187077;81361.37742468834
Round-Robin;Workload_Medium;2x2304_2x4096;1047050;15.859307119134945;70711.91675205439;82004.7468651477
Round-Robin;Workload_Mid-energy skew;2x2304_2x4096;917552;8.22725004593976;22995.426374992145;72439.71122900388
Round-Robin;Workload_High-energy skew;2x2304_2x4096;1011798;16.46977514673264;197002.49519372566;47000.76527175018
Round-Robin;Workload_Small;2x2304_2x4096;455066;8.15833044052124;113848.85229540734;57763.452024655344
Round-Robin;Workload_Uniform;2x2304_2x4096;1052881;7.700285799456472;22731.26015846656;609.5728729410217
Round-Robin;Workload_Low-energy skew;2x2304_2x4096;900336;7.006313990744372;47816.2560697896;66192.89525753574
Round-Robin;Workload_Large;1x512_3x4096;2504396;96.99166745383454;23409.953716645105;909621.7144919214
Round-Robin;Workload_Medium;1x512_3x4096;1052153;30.344706498106326;63031.97207090385;258272.73116990447
Round-Robin;Workload_Mid-energy skew;1x512_3x4096;927541;5.817010245560928;24768.076544425858;35663.435732125006
Round-Robin;Workload_High-energy skew;1x512_3x4096;954712;49.08808470815723;244395.8681473675;463741.19554569334
Round-Robin;Workload_Small;1x512_3x4096;443845;8.15833044052124;110236.31199437538;59457.70842354061
Round-Robin;Workload_Uniform;1x512_3x4096;1034057;30.344706498106326;24423.884369336563;295125.63490917964
Round-Robin;Workload_Low-energy skew;1x512_3x4096;888130;5.106756989331444;40587.76750177214;42156.06091900628
Round-Robin;Workload_Large;4x1024;2591044;58.05007708546119;29165.582881996346;0.0
Round-Robin;Workload_Medium;4x1024;1053840;29.713307980707533;99623.20685916742;92635.15297786066
Round-Robin;Workload_Mid-energy skew;4x1024;900026;14.572448369151488;30807.766480447295;108587.9922083407
Round-Robin;Workload_High-energy skew;4x1024;960521;29.713307980707533;309119.4247729278;7000.688461973496
Round-Robin;Workload_Small;4x1024;475380;21.70505213737488;180154.2346375079;158011.80199622444
Round-Robin;Workload_Uniform;4x1024;1051371;19.093098208909765;30428.80103465092;37332.77461616344
Round-Robin;Workload_Low-energy skew;4x1024;892129;12.326794169305858;65255.396803367315;105244.1498016809
Round-Robin;Workload_Large;4x512;2515742;96.99166745383454;32648.277763430997;0.0
Round-Robin;Workload_Medium;4x512;1038419;50.025599963336404;135472.00349444212;152840.2095242043
Round-Robin;Workload_Mid-energy skew;4x512;880909;24.512581318222733;34486.556342594005;189721.0732245869
Round-Robin;Workload_High-energy skew;4x512;954558;50.025599963336404;442439.05473877344;7900.334594063088
Round-Robin;Workload_Small;4x512;443467;35.64546871185303;259952.56679751372;244664.05691026326
Round-Robin;Workload_Uniform;4x512;1052176;30.344706498106326;34062.338208941;46768.92457383892
Round-Robin;Workload_Low-energy skew;4x512;877549;21.39294155982231;93885.73431725215;185278.2144771193
Round-Robin;Workload_Large;3x4096;2159800;33.1207190141005;15127.808722821177;39458.662975227395
Round-Robin;Workload_Medium;3x4096;908595;11.612590939684813;15670.550222228288;0.0
Round-Robin;Workload_Mid-energy skew;3x4096;776293;5.817010245560928;15829.04995214364;24396.15594741547
Round-Robin;Workload_High-energy skew;3x4096;818422;17.34340085562981;130420.06718786448;35127.00788157417
Round-Robin;Workload_Small;3x4096;400022;8.15833044052124;65156.6640741015;43137.92063874741
Round-Robin;Workload_Uniform;3x4096;896384;11.612590939684813;15670.550222228288;36302.13696754962
Round-Robin;Workload_Low-energy skew;3x4096;762127;5.106756989331444;38286.76114902022;25800.301744710236
Random;Workload_Large;4x2304;211346;45.85381378642929;69531.964773999;195024.8514800022
Random;Workload_Medium;4x2304;151577;16.741499675095703;87694.82502980185;49973.63912243608
Random;Workload_Mid-energy skew;4x2304;139038;11.263183762243404;27718.330772352754;106418.8604356481
Random;Workload_High-energy skew;4x2304;133065;26.312537314045727;214170.8719179349;142033.46776846555
Random;Workload_Small;4x2304;125614;15.859307119134945;61861.395673867206;168310.55638040532
Random;Workload_Uniform;4x2304;142554;16.46977514673264;24311.86023761979;104738.65348229729
Random;Workload_Low-energy skew;4x2304;131306;7.006313990744372;45106.83568554164;61172.96171055708
Random;Workload_Large;1x512_1x1024_1x2304_1x4096;142502;141.99820389819507;189990.53528085552;1265795.6554903158
Random;Workload_Medium;1x512_1x1024_1x2304_1x4096;139839;49.84012104507186;57268.29044799103;454879.7808733978
Random;Workload_Mid-energy skew;1x512_1x1024_1x2304_1x4096;130951;14.572448369151488;27851.539815678814;130856.44333812186
Random;Workload_High-energy skew;1x512_1x1024_1x2304_1x4096;125038;25.462184791072158;258926.43688420614;77871.89054364763
Random;Workload_Small;1x512_1x1024_1x2304_1x4096;117540;26.113783359527588;157329.31826859823;254218.5273228847
Random;Workload_Uniform;1x512_1x1024_1x2304_1x4096;124631;33.526375331218006;20654.378284047347;248104.18137272313
Random;Workload_Low-energy skew;1x512_1x1024_1x2304_1x4096;125830;7.006313990744372;50853.47506258476;55047.00048243103
Random;Workload_Large;4x1024_1x2304;140823;54.35616200403215;166920.58722261217;225844.6550154745
Random;Workload_Medium;4x1024_1x2304;129771;34.50363798716286;97498.85896815672;302972.40106846835
Random;Workload_Mid-energy skew;4x1024_1x2304;129852;14.4279625415802;99260.23849008953;149151.74193514377
Random;Workload_High-energy skew;4x1024_1x2304;130349;34.50363798716286;339766.1698934614;217496.82539536472
Random;Workload_Small;4x1024_1x2304;143750;17.834849853653626;84928.48585564407;215541.71396703267
Random;Workload_Uniform;4x1024_1x2304;130691;29.829602321170896;81167.44899569135;324347.63763910346
Random;Workload_Low-energy skew;4x1024_1x2304;134746;13.808976462910255;14915.716796810073;175386.54384482972
Random;Workload_Large;2x512_1x1024_1x2304_1x4096;150331;91.24817432646385;139422.38241340942;742984.7320372427
Random;Workload_Medium;2x512_1x1024_1x2304_1x4096;139111;50.080749501800724;68672.54951251278;563852.9201852577
Random;Workload_Mid-energy skew;2x512_1x1024_1x2304_1x4096;136923;6.858140470728664;64257.12677313143;45274.82067636147
Random;Workload_High-energy skew;2x512_1x1024_1x2304_1x4096;121031;76.5083559055612;372577.0378466829;816014.1645181298
Random;Workload_Small;2x512_1x1024_1x2304_1x4096;113454;49.08808470815723;118098.15493952757;691158.4370913722
Random;Workload_Uniform;2x512_1x1024_1x2304_1x4096;128549;35.64546871185303;163038.6903512782;357005.9396130697
Random;Workload_Low-energy skew;2x512_1x1024_1x2304_1x4096;125678;6.642012470183456;51229.97499510576;70869.3715035977
Random;Workload_Large;3x1024_2x4096;153923;67.15318637863294;74121.52795487871;649960.08671023
Random;Workload_Medium;3x1024_2x4096;136305;29.829602321170896;22867.54554230405;312154.3024860207
Random;Workload_Mid-energy skew;3x1024_2x4096;135676;13.20159813517772;26141.499559887317;164083.76253749634
Random;Workload_High-energy skew;3x1024_2x4096;122542;55.20567243497334;239418.68276569454;637514.156542078
Random;Workload_Small;3x1024_2x4096;126522;14.4279625415802;123245.13043522576;177282.539429273
Random;Workload_Uniform;3x1024_2x4096;120191;13.20159813517772;69567.87182955371;105079.70605803766
Random;Workload_Low-energy skew;3x1024_2x4096;136268;14.4279625415802;81312.30275574508;193056.38910154643
Random;Workload_Large;2x2304_2x4096;147987;44.570303204793966;96103.84499888531;292659.2079523721
Random;Workload_Medium;2x2304_2x4096;132444;19.22464729402061;106119.37710911487;131358.06356274488
Random;Workload_Mid-energy skew;2x2304_2x4096;118049;6.581419542639273;26082.78469497861;51719.51284891987
Random;Workload_High-energy skew;2x2304_2x4096;138226;16.741499675095703;208501.79370791226;45261.31889806141
Random;Workload_Small;2x2304_2x4096;122042;8.15833044052124;113848.85229540736;57763.452024655344
Random;Workload_Uniform;2x2304_2x4096;119933;17.680057539678682;20824.656620438953;152759.58212501023
Random;Workload_Low-energy skew;2x2304_2x4096;134622;7.419469978270292;46946.10895366342;73160.08708429233
Random;Workload_Large;1x512_3x4096;155091;118.26411304872912;62157.45049946667;1191155.340328109
Random;Workload_Medium;1x512_3x4096;128520;49.84012104507186;55556.98444586166;510260.12495332764
Random;Workload_Mid-energy skew;1x512_3x4096;126103;8.140469315517457;20125.46829440701;78018.88928425072
Random;Workload_High-energy skew;1x512_3x4096;119126;16.742269596712827;129003.15328189703;74385.59800234727
Random;Workload_Small;1x512_3x4096;118740;8.15833044052124;110236.31199437538;59457.70842354061
Random;Workload_Uniform;1x512_3x4096;122612;24.708394550382906;75536.29586447979;213507.51488011767
Random;Workload_Low-energy skew;1x512_3x4096;123923;5.531961764290085;41604.45725604186;46304.904113215365
Random;Workload_Large;4x1024;151247;79.75288294913626;29271.23385476382;287212.8937891193
Random;Workload_Medium;4x1024;170053;30.41367009580976;101671.55210144851;100333.44416887863
Random;Workload_Mid-energy skew;4x1024;125832;16.413716370161964;32820.33379743893;132715.8470326495
Random;Workload_High-energy skew;4x1024;119746;61.799753554752634;274512.70095280395;427366.2174548731
Random;Workload_Small;4x1024;119534;17.834849853653626;156955.13620639933;122034.73608929553
Random;Workload_Uniform;4x1024;123562;28.59048088078472;99698.99994832669;162897.82787399503
Random;Workload_Low-energy skew;4x1024;121709;12.050803277209498;66978.75603849663;100499.89290191993
Random;Workload_Large;4x512;142809;147.39448069479192;32693.72970632239;637359.3230396525
Random;Workload_Medium;4x512;163758;69.22688349052649;138167.63706890476;399092.3773047428
Random;Workload_Mid-energy skew;4x512;131869;26.244902916183293;27672.378448517615;212338.57662637756
Random;Workload_High-energy skew;4x512;138363;101.64008240025017;310610.5536386893;666933.1435653984
Random;Workload_Small;4x512;117078;28.91697287663473;121390.99884462608;201867.55308918146
Random;Workload_Uniform;4x512;133641;49.08808470815723;131803.80662809;282442.23940249917
Random;Workload_Low-energy skew;4x512;132676;22.365052192338837;89686.39706868981;199577.40053949814
Random;Workload_Large;3x4096;159927;31.505504793000313;15135.35632900762;19574.029352703477
Random;Workload_Medium;3x4096;127840;24.744229853936307;13485.515651870584;162177.1506252267
Random;Workload_Mid-energy skew;3x4096;125545;5.076114087488187;15881.883195448754;15044.795549629856
Random;Workload_High-energy skew;3x4096;120404;24.003536076726633;117838.1900408002;117345.29647125462
Random;Workload_Small;3x4096;127142;7.370271149870598;7898.917766980294;40873.29560711417
Random;Workload_Uniform;3x4096;168428;10.674808794865275;55345.967747091905;23789.86576390708
Random;Workload_Low-energy skew;3x4096;118877;5.972461354528203;38219.0320016027;36406.63137112248
Round-Robin;Workload_Large;4x2304;2561904;32.5798961783605;23244.681502657688;0.0
Round-Robin;Workload_Medium;4x2304;1115276;16.46977514673264;72232.11048771918;54357.59843285651
Round-Robin;Workload_Mid-energy skew;4x2304;896088;8.22725004593976;24553.485611573466;62873.25680567989
Round-Robin;Workload_High-energy skew;4x2304;967407;16.46977514673264;217520.21458717098;4981.204764093823
Round-Robin;Workload_Small;4x2304;448685;12.09356451034546;127894.73401595345;96574.92139913511
Round-Robin;Workload_Uniform;4x2304;1039907;11.040628042309786;24251.453894131366;24993.88206718759
Round-Robin;Workload_Low-energy skew;4x2304;923911;7.006313990744372;47505.0809516897;60867.06794026806
Round-Robin;Workload_Large;1x512_1x1024_1x2304_1x4096;2564016;96.99166745383454;26347.26362895037;667111.7422429682
Round-Robin;Workload_Medium;1x512_1x1024_1x2304_1x4096;1035635;48.4657800841362;128898.08017563238;398754.2373823019
Round-Robin;Workload_Mid-energy skew;1x512_1x1024_1x2304_1x4096;915170;14.572448369151488;27771.513857115104;127676.4679488762
Round-Robin;Workload_High-energy skew;1x512_1x1024_1x2304_1x4096;986975;48.4657800841362;285774.97674025287;332836.9762928293
Round-Robin;Workload_Small;1x512_1x1024_1x2304_1x4096;448289;26.113783359527588;183912.45041401032;237012.42179295298
Round-Robin;Workload_Uniform;1x512_1x1024_1x2304_1x4096;1064302;22.952761439022524;27488.414890131262;137076.9168617866
Round-Robin;Workload_Low-energy skew;1x512_1x1024_1x2304_1x4096;901802;21.39294155982231;93426.15404665822;218489.88850768766
Round-Robin;Workload_Large;4x1024_1x2304;3019709;56.673020428887305;102220.26627879543;242009.472503156
Round-Robin;Workload_Medium;4x1024_1x2304;1160476;29.713307980707533;178857.4928963597;198605.60024071083
Round-Robin;Workload_Mid-energy skew;4x1024_1x2304;1014422;13.20159813517772;37400.61125849756;140079.24045792758
Round-Robin;Workload_High-energy skew;4x1024_1x2304;1090901;28.719591410718728;344011.68335796846;131414.96224287915
Round-Robin;Workload_Small;4x1024_1x2304;489654;21.70505213737488;180154.2346375079;237234.62767035302
Round-Robin;Workload_Uniform;4x1024_1x2304;1189767;29.713307980707533;107939.56935453045;285935.39349505445
Round-Robin;Workload_Low-energy skew;4x1024_1x2304;1008329;12.050803277209498;67473.37292184583;145775.31088216274
Round-Robin;Workload_Large;2x512_1x1024_1x2304_1x4096;2916912;95.36085558402361;101738.52168572447;812753.2901547541
Round-Robin;Workload_Medium;2x512_1x1024_1x2304_1x4096;1199349;50.025599963336404;156570.27972763294;499812.5756315164
Round-Robin;Workload_Mid-energy skew;2x512_1x1024_1x2304_1x4096;1036552;22.939579145669022;36900.79926590154;289720.5330241278
Round-Robin;Workload_High-energy skew;2x512_1x1024_1x2304_1x4096;1098146;48.4657800841362;372099.24807679275;451825.1416900273
Round-Robin;Workload_Small;2x512_1x1024_1x2304_1x4096;483330;26.113783359527588;214077.94072011212;291265.9166795664
Round-Robin;Workload_Uniform;2x512_1x1024_1x2304_1x4096;1170029;50.025599963336404;107394.50467407782;566649.3413054936
Round-Robin;Workload_Low-energy skew;2x512_1x1024_1x2304_1x4096;1080054;6.642012470183456;49790.53461647957;74069.22443701515
Round-Robin;Workload_Large;3x1024_2x4096;2976750;56.673020428887305;99253.87737026402;404134.2710271424
Round-Robin;Workload_Medium;3x1024_2x4096;1178452;29.713307980707533;144368.45750689547;264995.9377409941
Round-Robin;Workload_Mid-energy skew;3x1024_2x4096;1008672;13.20159813517772;34259.74837260922;161370.37584503726
Round-Robin;Workload_High-energy skew;3x1024_2x4096;1100741;28.59048088078472;299916.6239532025;228709.07916036312
Round-Robin;Workload_Small;3x1024_2x4096;486921;21.70505213737488;177182.73845892717;265821.9670361975
Round-Robin;Workload_Uniform;3x1024_2x4096;1222566;29.713307980707533;104798.70646864208;323817.25689662196
Round-Robin;Workload_Low-energy skew;3x1024_2x4096;1038496;4.712141844931757;43725.860316840066;48655.57048096726
Round-Robin;Workload_Large;2x2304_2x4096;2565962;32.5798961783605;21787.596935187077;81361.37742468834
Round-Robin;Workload_Medium;2x2304_2x4096;1105721;15.859307119134945;70711.91675205439;82004.7468651477
Round-Robin;Workload_Mid-energy skew;2x2304_2x4096;888018;8.22725004593976;22995.426374992145;72439.71122900388
Round-Robin;Workload_High-energy skew;2x2304_2x4096;963592;16.46977514673264;197002.49519372566;47000.76527175018
Round-Robin;Workload_Small;2x2304_2x4096;453638;8.15833044052124;113848.85229540734;57763.452024655344
Round-Robin;Workload_Uniform;2x2304_2x4096;1068099;7.700285799456472;22731.26015846656;609.5728729410217
Round-Robin;Workload_Low-energy skew;2x2304_2x4096;931096;7.006313990744372;47816.2560697896;66192.89525753574
Round-Robin;Workload_Large;1x512_3x4096;2483547;96.99166745383454;23409.953716645105;909621.7144919214
Round-Robin;Workload_Medium;1x512_3x4096;1054840;30.344706498106326;63031.97207090385;258272.73116990447
Round-Robin;Workload_Mid-energy skew;1x512_3x4096;888360;5.817010245560928;24768.076544425858;35663.435732125006
Round-Robin;Workload_High-energy skew;1x512_3x4096;957093;49.08808470815723;244395.8681473675;463741.19554569334
Round-Robin;Workload_Small;1x512_3x4096;448546;8.15833044052124;110236.31199437538;59457.70842354061
Round-Robin;Workload_Uniform;1x512_3x4096;1033330;30.344706498106326;24423.884369336563;295125.63490917964
Round-Robin;Workload_Low-energy skew;1x512_3x4096;913710;5.106756989331444;40587.76750177214;42156.06091900628
Round-Robin;Workload_Large;4x1024;2578975;58.05007708546119;29165.582881996346;0.0
Round-Robin;Workload_Medium;4x1024;1083221;29.713307980707533;99623.20685916742;92635.15297786066
Round-Robin;Workload_Mid-energy skew;4x1024;921201;14.572448369151488;30807.766480447295;108587.9922083407
Round-Robin;Workload_High-energy skew;4x1024;974957;29.713307980707533;309119.4247729278;7000.688461973496
Round-Robin;Workload_Small;4x1024;455258;21.70505213737488;180154.2346375079;158011.80199622444
Round-Robin;Workload_Uniform;4x1024;1035749;19.093098208909765;30428.80103465092;37332.77461616344
Round-Robin;Workload_Low-energy skew;4x1024;918508;12.326794169305858;65255.396803367315;105244.1498016809
Round-Robin;Workload_Large;4x512;2601145;96.99166745383454;32648.277763430997;0.0
Round-Robin;Workload_Medium;4x512;1034234;50.025599963336404;135472.00349444212;152840.2095242043
Round-Robin;Workload_Mid-energy skew;4x512;884468;24.512581318222733;34486.556342594005;189721.0732245869
Round-Robin;Workload_High-energy skew;4x512;958594;50.025599963336404;442439.05473877344;7900.334594063088
Round-Robin;Workload_Small;4x512;473617;35.64546871185303;259952.56679751372;244664.05691026326
Round-Robin;Workload_Uniform;4x512;1056366;30.344706498106326;34062.338208941;46768.92457383892
Round-Robin;Workload_Low-energy skew;4x512;898846;21.39294155982231;93885.73431725215;185278.2144771193
Round-Robin;Workload_Large;3x4096;2143406;33.1207190141005;15127.808722821177;39458.662975227395
Round-Robin;Workload_Medium;3x4096;905490;11.612590939684813;15670.550222228288;0.0
Round-Robin;Workload_Mid-energy skew;3x4096;761893;5.817010245560928;15829.04995214364;24396.15594741547
Round-Robin;Workload_High-energy skew;3x4096;831375;17.34340085562981;130420.06718786448;35127.00788157417
Round-Robin;Workload_Small;3x4096;406793;8.15833044052124;65156.6640741015;43137.92063874741
Round-Robin;Workload_Uniform;3x4096;894804;11.612590939684813;15670.550222228288;36302.13696754962
Round-Robin;Workload_Low-energy skew;3x4096;790239;5.106756989331444;38286.76114902022;25800.301744710236
Greedy;Workload_Large;4x2304;870386678;64.25201952498067;101036.75495790035;463428.55906740954
Greedy;Workload_Medium;4x2304;233255374;35.198858285344606;16699.540546793894;330721.1668180347
Greedy;Workload_Mid-energy skew;4x2304;184007946;8.22725004593976;24553.485611573466;62873.25680567989
Greedy;Workload_High-energy skew;4x2304;205139268;25.462184791072158;200411.52639155072;136596.60145497133
Greedy;Workload_Small;4x2304;63171901;15.71551895259756;61603.53371806291;165866.57113330704
Greedy;Workload_Uniform;4x2304;228995150;22.172372091408793;59189.43405187088;187537.59214310127
Greedy;Workload_Low-energy skew;4x2304;182610858;9.356519902245152;11049.191567636106;96045.43763780563
Greedy;Workload_Large;1x512_1x1024_1x2304_1x4096;869213944;188.74159548057813;59810.643900964205;1824257.152932072
Greedy;Workload_Medium;1x512_1x1024_1x2304_1x4096;230076086;26.535916869980106;205981.04052128005;123661.6011473513
Greedy;Workload_Mid-energy skew;1x512_1x1024_1x2304_1x4096;182048217;7.67862057685852;68910.58479791901;34859.35178659208
Greedy;Workload_High-energy skew;1x512_1x1024_1x2304_1x4096;204191439;49.08808470815723;271937.5320739867;337853.8582007008
Greedy;Workload_Small;1x512_1x1024_1x2304_1x4096;63515736;35.64546871185303;147047.988648643;371026.9236153492
Greedy;Workload_Uniform;1x512_1x1024_1x2304_1x4096;229294216;54.61034941040249;64690.57678923317;543650.3307117493
Greedy;Workload_Low-energy skew;1x512_1x1024_1x2304_1x4096;182516158;22.952761439022524;16072.719082687985;238709.45666083915
Greedy;Workload_Large;4x1024_1x2304;1157345256;105.8979766104746;144874.74448704717;1066954.713707653
Greedy;Workload_Medium;4x1024_1x2304;310916568;34.50363798716286;152350.31542978456;330203.16379935946
Greedy;Workload_Mid-energy skew;4x1024_1x2304;246900530;8.247757067386337;52767.430257140644;70915.55893391714
Greedy;Workload_High-energy skew;4x1024_1x2304;279840917;44.85416759226358;345614.6108513903;374578.10000261426
Greedy;Workload_Small;4x1024_1x2304;86933147;15.859307119134945;63852.77036567321;202610.0929788268
Greedy;Workload_Uniform;4x1024_1x2304;308968590;21.651037125515156;69163.17922299703;204692.97501614146
Greedy;Workload_Low-energy skew;4x1024_1x2304;246441821;7.006313990744372;52482.68615415245;74628.5580735334
Greedy;Workload_Large;2x512_1x1024_1x2304_1x4096;1141290235;154.82060432856085;205459.1540743982;1862586.41985335
Greedy;Workload_Medium;2x512_1x1024_1x2304_1x4096;309833811;57.10030522652073;19589.855699684354;715696.3276341987
Greedy;Workload_Mid-energy skew;2x512_1x1024_1x2304_1x4096;246835961;7.26768624236238;40954.92384158047;57467.50860056446
Greedy;Workload_High-energy skew;2x512_1x1024_1x2304_1x4096;281036361;35.64546871185303;336831.473590933;290535.11729852576
Greedy;Workload_Small;2x512_1x1024_1x2304_1x4096;86475240;35.64546871185303;152027.16570270617;481499.83041315293
Greedy;Workload_Uniform;2x512_1x1024_1x2304_1x4096;317552625;49.89248124085208;76792.57945847911;637533.0816869491
Greedy;Workload_Low-energy skew;2x512_1x1024_1x2304_1x4096;253573789;24.29263093872711;13381.407998979135;338296.95528629347
Greedy;Workload_Large;3x1024_2x4096;1140079060;68.98976393359082;211994.42789821772;677471.0917021619
Greedy;Workload_Medium;3x1024_2x4096;309092730;20.474158065629094;104468.22167104247;190320.48556591556
Greedy;Workload_Mid-energy skew;3x1024_2x4096;246610068;14.572448369151488;37963.3171754315;184416.28425522067
Greedy;Workload_High-energy skew;3x1024_2x4096;276661486;50.49764453194468;292307.9075716796;555116.7498035084
Greedy;Workload_Small;3x1024_2x4096;86694858;10.674808794865275;57913.97200501019;139541.0924502317
Greedy;Workload_Uniform;3x1024_2x4096;308352006;20.821764331202615;20903.65149190029;236808.5331968796
Greedy;Workload_Low-energy skew;3x1024_2x4096;252202745;13.20159813517772;12423.001926463912;179762.8035750995
Greedy;Workload_Large;2x2304_2x4096;869190079;37.33122004631183;105661.28482643448;154260.73642167135
Greedy;Workload_Medium;2x2304_2x4096;230485929;21.018621246191074;83306.25168740643;146245.92399072784
Greedy;Workload_Mid-energy skew;2x2304_2x4096;183319362;5.076114087488187;23014.359125450403;27682.29701276571
Greedy;Workload_High-energy skew;2x2304_2x4096;206999188;33.58152532619966;170124.81325399785;296302.96606322523
Greedy;Workload_Small;2x2304_2x4096;63104429;12.09356451034546;78989.27581265743;118974.2547751381
Greedy;Workload_Uniform;2x2304_2x4096;232248167;11.994835773462723;19843.425683580714;60076.37050162899
Greedy;Workload_Low-energy skew;2x2304_2x4096;182521739;8.899512623984673;10796.836332639901;96520.24683459083
Greedy;Workload_Large;1x512_3x4096;865804372;56.66415084065619;165000.58040466128;375628.3089548884
Greedy;Workload_Medium;1x512_3x4096;228197219;18.419041633028773;15842.258262969917;141522.44506408466
Greedy;Workload_Mid-energy skew;1x512_3x4096;181781166;8.140469315517457;16002.64489443188;79151.96882303298
Greedy;Workload_High-energy skew;1x512_3x4096;206908643;19.847080984735154;117387.0227506384;128605.94576232333
Greedy;Workload_Small;1x512_3x4096;66556410;7.00629890731417;50439.45046617984;58587.379767323655
Greedy;Workload_Uniform;1x512_3x4096;234242635;14.503867414702544;62488.451677759724;111959.59458739607
Greedy;Workload_Low-energy skew;1x512_3x4096;182958976;6.318742368201258;12818.738597438347;60661.532690103675
Greedy;Workload_Large;4x1024;1074959070;146.31901338873945;91649.5451038413;1171593.7103833905
Greedy;Workload_Medium;4x1024;273046270;34.50363798716286;172416.23429662798;153772.41200977028
Greedy;Workload_Mid-energy skew;4x1024;181733510;13.20159813517772;32820.33379743893;88653.26533299063
Greedy;Workload_High-energy skew;4x1024;205653437;35.38873747879417;286152.3595789429;81556.25041661883
Greedy;Workload_Small;4x1024;65114329;18.98564471162185;10086.110897358274;148531.70129969122
Greedy;Workload_Uniform;4x1024;228251672;42.867504679992685;118406.53812231231;338945.5442320436
Greedy;Workload_Low-energy skew;4x1024;181807741;12.050803277209498;66463.5762987184;100791.9594575788
Greedy;Workload_Large;4x512;866003400;212.6368508236132;129969.2376949734;1469809.8877748535
Greedy;Workload_Medium;4x512;228610175;50.025599963336404;135556.8471211727;151606.24123419478
Greedy;Workload_Mid-energy skew;4x512;182798176;24.512581318222733;34486.556342594005;189721.0732245869
Greedy;Workload_High-energy skew;4x512;205035365;76.29098032545839;415578.9414786777;340890.5209681022
Greedy;Workload_Small;4x512;63396762;30.515645278167977;10889.565881064558;222097.1918021222
Greedy;Workload_Uniform;4x512;229296467;58.74583410269421;30060.48266297333;410142.16614605405
Greedy;Workload_Low-energy skew;4x512;183569292;23.87491882853943;15844.583144822845;218228.78387805022
Greedy;Workload_Large;3x4096;612764702;43.560038302740246;51784.356309478506;167710.63697934887
Greedy;Workload_Medium;3x4096;157499453;20.519442258338067;50851.61995982087;109682.00273417754
Greedy;Workload_Mid-energy skew;3x4096;124740684;5.076114087488187;16002.64489443188;15100.293229340261
Greedy;Workload_High-energy skew;3x4096;141771976;20.808351025233648;130638.81647685429;77673.36924120452
Greedy;Workload_Small;3x4096;43255901;7.370271149870598;7898.917766980294;40873.29560711417
Greedy;Workload_Uniform;3x4096;160924539;11.991588025649126;54305.05454544813;40770.19297625837
Greedy;Workload_Low-energy skew;3x4096;127155042;7.675130236699757;7546.696144946181;58310.301738695336
Batched-1;Workload_Large;4x2304;494838628;127.03557317951142;5664.7307550864325;1391028.734423115
Batched-1;Workload_Medium;4x2304;182197159;48.34882320686906;5749.215151573733;529415.5067987286
Batched-1;Workload_Mid-energy skew;4x2304;155185123;14.829719790493572;5774.560470519923;162384.17189545702
Batched-1;Workload_High-energy skew;4x2304;169883878;60.937577011810625;51351.251429743956;667261.2915263429
Batched-1;Workload_Small;4x2304;60977737;16.741499675095703;5972.25395830021;183317.99922282944
Batched-1;Workload_Uniform;4x2304;182215688;35.384423574136676;5749.215151573733;387456.43216857
Batched-1;Workload_Low-energy skew;4x2304;152127762;10.759647638531618;5774.560470519923;117817.22759117052
Batched-1;Workload_Large;1x512_1x1024_1x2304_1x4096;489790636;88.1170847744635;4954.5475020985305;891840.2159372226
Batched-1;Workload_Medium;1x512_1x1024_1x2304_1x4096;183012976;33.5367271279597;5028.440150077715;339427.95588597463
Batched-1;Workload_Mid-energy skew;1x512_1x1024_1x2304_1x4096;152921527;10.964301938869921;5050.60794447147;110970.59592689178
Batched-1;Workload_High-energy skew;1x512_1x1024_1x2304_1x4096;168464072;41.71226121601318;41723.36141736994;422173.2044964321
Batched-1;Workload_Small;1x512_1x1024_1x2304_1x4096;61191256;11.612590939684813;5223.5167407427625;117531.9818823658
Batched-1;Workload_Uniform;1x512_1x1024_1x2304_1x4096;182644059;24.962509602791;5028.440150077715;252647.59962803317
Batched-1;Workload_Low-energy skew;1x512_1x1024_1x2304_1x4096;152332646;8.596625116878366;5050.60794447147;87007.14532478507
Batched-1;Workload_Large;4x1024_1x2304;680256248;127.03557317951142;5664.7307550864325;1680733.5167436106
Batched-1;Workload_Medium;4x1024_1x2304;250021714;48.34882320686906;5749.215151573733;639675.0581356229
Batched-1;Workload_Mid-energy skew;4x1024_1x2304;208097674;14.829719790493572;5774.560470519923;196203.3662852675
Batched-1;Workload_High-energy skew;4x1024_1x2304;227751255;60.937577011810625;51351.251429743956;806229.511541367
Batched-1;Workload_Small;4x1024_1x2304;83888682;16.741499675095703;5972.25395830021;221497.01001249763
Batched-1;Workload_Uniform;4x1024_1x2304;254840934;35.384423574136676;5749.215151573733;468150.65405078203
Batched-1;Workload_Low-energy skew;4x1024_1x2304;207808069;10.759647638531618;5774.560470519923;142354.61738639974
Batched-1;Workload_Large;2x512_1x1024_1x2304_1x4096;665364738;88.1170847744635;4954.5475020985305;1170599.1392343508
Batched-1;Workload_Medium;2x512_1x1024_1x2304_1x4096;248330374;33.5367271279597;5028.440150077715;445521.59219983616
Batched-1;Workload_Mid-energy skew;2x512_1x1024_1x2304_1x4096;210613497;10.964301938869921;5050.60794447147;145656.23051190865
Batched-1;Workload_High-energy skew;2x512_1x1024_1x2304_1x4096;227969377;41.71226121601318;41723.36141736994;554130.1916644201
Batched-1;Workload_Small;2x512_1x1024_1x2304_1x4096;83412847;11.612590939684813;5223.5167407427625;154268.4825884655
Batched-1;Workload_Uniform;2x512_1x1024_1x2304_1x4096;250413617;24.962509602791;5028.440150077715;331616.6476563314
Batched-1;Workload_Low-energy skew;2x512_1x1024_1x2304_1x4096;207913158;8.596625116878366;5050.60794447147;114202.62016038175
Batched-1;Workload_Large;3x1024_2x4096;668552979;88.1170847744635;4954.5475020985305;1233512.8666365773
Batched-1;Workload_Medium;3x1024_2x4096;248779416;33.5367271279597;5028.440150077715;469466.10323185305
Batched-1;Workload_Mid-energy skew;3x1024_2x4096;213718538;10.964301938869921;5050.60794447147;153484.50927423182
Batched-1;Workload_High-energy skew;3x1024_2x4096;227573622;41.71226121601318;41723.36141736994;583911.8604315107
Batched-1;Workload_Small;3x1024_2x4096;83867948;11.612590939684813;5223.5167407427625;162559.6259312446
Batched-1;Workload_Uniform;3x1024_2x4096;254432265;24.962509602791;5028.440150077715;349439.3494450382
Batched-1;Workload_Low-energy skew;3x1024_2x4096;210146630;8.596625116878366;5050.60794447147;120340.42794835748
Batched-1;Workload_Large;2x2304_2x4096;598676246;88.1170847744635;4954.5475020985305;1002393.3096846459
Batched-1;Workload_Medium;2x2304_2x4096;192083637;33.5367271279597;5028.440150077715;381503.6662621031
Batched-1;Workload_Mid-energy skew;2x2304_2x4096;153601645;10.964301938869921;5050.60794447147;124726.58323883495
Batched-1;Workload_High-energy skew;2x2304_2x4096;168172973;41.71226121601318;41723.36141736994;474506.0697567149
Batched-1;Workload_Small;2x2304_2x4096;61217070;11.612590939684813;5223.5167407427625;132101.32286875194
Batched-1;Workload_Uniform;2x2304_2x4096;182729311;24.962509602791;5028.440150077715;283965.9605492069
Batched-1;Workload_Low-energy skew;2x2304_2x4096;152514130;8.596625116878366;5050.60794447147;97792.60770010337
Batched-1;Workload_Large;1x512_3x4096;486223446;88.1170847744635;4954.5475020985305;997046.0858917383
Batched-1;Workload_Medium;1x512_3x4096;182760584;33.5367271279597;5028.440150077715;379468.5514407962
Batched-1;Workload_Mid-energy skew;1x512_3x4096;152547785;10.964301938869921;5050.60794447147;124061.23467050446
Batched-1;Workload_High-energy skew;1x512_3x4096;168478620;41.71226121601318;41723.36141736994;471974.8376329886
Batched-1;Workload_Small;1x512_3x4096;61093564;11.612590939684813;5223.5167407427625;131396.634070559
Batched-1;Workload_Uniform;1x512_3x4096;183248126;24.962509602791;5028.440150077715;282451.1564040134
Batched-1;Workload_Low-energy skew;1x512_3x4096;154398450;8.596625116878366;5050.60794447147;97270.93726035455
Batched-1;Workload_Large;4x1024;490446787;226.3489354077335;7107.654898294784;2246017.9816016834
Batched-1;Workload_Medium;4x1024;183035494;86.14677280691453;7213.6592187972665;854818.2496760895
Batched-1;Workload_Mid-energy skew;4x1024;152492449;24.088775444828048;7245.460514948009;239028.39528000873
Batched-1;Workload_High-energy skew;4x1024;167610124;110.25805289338955;72975.6052027573;1094069.9542891753
Batched-1;Workload_Small;4x1024;61200516;29.829602321170896;7493.510624923819;295993.5423450995
Batched-1;Workload_Uniform;4x1024;183152729;61.71839320277701;7213.6592187972665;612420.0260950914
Batched-1;Workload_Low-energy skew;4x1024;157988737;16.602736693793354;7245.460514948009;164745.83850321878
Batched-1;Workload_Large;4x512;487720624;378.1900347742138;7956.387921510839;3589219.2926671347
Batched-1;Workload_Medium;4x512;189143743;143.93640042903496;8075.050336518671;1366030.9839876804
Batched-1;Workload_Mid-energy skew;4x512;154252718;36.065651421985095;8110.649061021019;342281.71020867664
Batched-1;Workload_High-energy skew;4x512;167474951;186.62748018101277;104449.13906208046;1771191.440322998
Batched-1;Workload_Small;4x512;61031103;49.84012104507186;8388.31911213935;473008.560658231
Batched-1;Workload_Uniform;4x512;183591431;101.08049160015334;8075.050336518671;959306.2143484207
Batched-1;Workload_Low-energy skew;4x512;153115518;25.666123247852394;8110.649061021019;243584.8019743893
Batched-1;Workload_Large;3x4096;333630274;88.1170847744635;4954.5475020985305;718287.1625946102
Batched-1;Workload_Medium;3x4096;128651338;33.5367271279597;5028.440150077715;273374.91512693465
Batched-1;Workload_Mid-energy skew;3x4096;104587267;10.964301938869921;5050.60794447147;89375.6000854876
Batched-1;Workload_High-energy skew;3x4096;115006192;41.71226121601318;41723.36141736994;340017.8504650006
Batched-1;Workload_Small;3x4096;42181039;11.612590939684813;5223.5167407427625;94660.13336445931
Batched-1;Workload_Uniform;3x4096;127347720;24.962509602791;5028.440150077715;203482.1083757151
Batched-1;Workload_Low-energy skew;3x4096;104145669;8.596625116878366;5050.60794447147;70075.46242475788
Batched-2;Workload_Large;4x2304;984053269;98.7811755066676;11493.473885220212;974707.9259815303
Batched-2;Workload_Medium;4x2304;370808190;41.8081045459402;11988.439802773817;431268.3441231983
Batched-2;Workload_Mid-energy skew;4x2304;312191435;9.223503720817158;11840.954184905986;79067.89858067494
Batched-2;Workload_High-energy skew;4x2304;324348322;54.48393154638694;89362.990756195;570067.5729445752
Batched-2;Workload_Small;4x2304;123658069;15.71551895259756;61603.53371806291;165866.57113330704
Batched-2;Workload_Uniform;4x2304;368185225;26.10695612586141;61164.21485632894;248817.57523690822
Batched-2;Workload_Low-energy skew;4x2304;306627014;8.899512623984673;8087.415948391954;89888.13140203722
Batched-2;Workload_Large;1x512_1x1024_1x2304_1x4096;990184002;67.17797485326084;90679.29687260174;476657.16744377394
Batched-2;Workload_Medium;1x512_1x1024_1x2304_1x4096;368967073;32.37648610095847;11264.487276725362;321468.0352996985
Batched-2;Workload_Mid-energy skew;1x512_1x1024_1x2304_1x4096;307617838;7.796715620256312;22176.392791007773;57779.16973996347
Batched-2;Workload_High-energy skew;1x512_1x1024_1x2304_1x4096;326652256;35.40142067153826;97331.76509216873;321249.29511341423
Batched-2;Workload_Small;1x512_1x1024_1x2304_1x4096;123998323;11.612590939684813;5223.5167407427625;117531.9818823658
Batched-2;Workload_Uniform;1x512_1x1024_1x2304_1x4096;370231273;23.764469281075623;13778.301563533223;231764.07276596193
Batched-2;Workload_Low-energy skew;1x512_1x1024_1x2304_1x4096;308578056;7.006313990744372;44678.12095069462;58113.72780641056
Batched-2;Workload_Large;4x1024_1x2304;1695159734;103.43176509688328;10125.079788421805;1225114.1161036615
Batched-2;Workload_Medium;4x1024_1x2304;632116533;42.38954342479191;8063.98838631728;520972.01983781066
Batched-2;Workload_Mid-energy skew;4x1024_1x2304;527124619;14.572448369151488;21163.57435711939;166958.62009939604
Batched-2;Workload_High-energy skew;4x1024_1x2304;547020072;44.78813088272625;127678.12440814078;490242.7385672153
Batched-2;Workload_Small;4x1024_1x2304;210392558;13.20159813517772;63186.33736736993;142131.06211206975
Batched-2;Workload_Uniform;4x1024_1x2304;634377956;29.829602321170896;13304.68100058824;333784.67002733995
Batched-2;Workload_Low-energy skew;4x1024_1x2304;532639973;12.702930017814685;62135.79700567263;157298.93656195092
Batched-2;Workload_Large;2x512_1x1024_1x2304_1x4096;1683540944;76.31509682955092;60362.93262249487;946145.4236113472
Batched-2;Workload_Medium;2x512_1x1024_1x2304_1x4096;633906803;20.453275091156158;69199.97609679989;192785.8452980561
Batched-2;Workload_Mid-energy skew;2x512_1x1024_1x2304_1x4096;529812447;8.140469315517457;22176.392791007773;89238.94323228777
Batched-2;Workload_High-energy skew;2x512_1x1024_1x2304_1x4096;549322122;37.53946406887872;79684.62316907308;474453.14463885577
Batched-2;Workload_Small;2x512_1x1024_1x2304_1x4096;210259923;11.612590939684813;5223.5167407427625;154268.4825884655
Batched-2;Workload_Uniform;2x512_1x1024_1x2304_1x4096;630248318;19.50837523136225;61083.24602548496;220783.3998334887
Batched-2;Workload_Low-energy skew;2x512_1x1024_1x2304_1x4096;544263971;7.419469978270292;41407.8483732336;88270.71912128011
Batched-2;Workload_Large;3x1024_2x4096;1925632343;77.74597197930493;17985.420606888092;1019268.024019856
Batched-2;Workload_Medium;3x1024_2x4096;630733548;32.37648610095847;10485.457658434701;447487.3433400887
Batched-2;Workload_Mid-energy skew;3x1024_2x4096;526869487;8.140469315517457;13316.112816940727;100961.130776915
Batched-2;Workload_High-energy skew;3x1024_2x4096;548614460;29.844503531084655;86946.71145857632;364921.9483665681
Batched-2;Workload_Small;3x1024_2x4096;211821980;11.612590939684813;5223.5167407427625;162559.6259312446
Batched-2;Workload_Uniform;3x1024_2x4096;630656585;18.98564471162185;15343.3791265071;204366.13805112924
Batched-2;Workload_Low-energy skew;3x1024_2x4096;527983165;6.76545453447288;10417.53003846591;86055.12156780058
Batched-2;Workload_Large;2x2304_2x4096;985947843;65.08771746731355;65578.3920111362;621492.92906221
Batched-2;Workload_Medium;2x2304_2x4096;372993827;27.17361694063924;50055.20869668808;280562.89655173104
Batched-2;Workload_Mid-energy skew;2x2304_2x4096;307180172;5.817010245560928;18253.5876789524;41767.85663704147
Batched-2;Workload_High-energy skew;2x2304_2x4096;322856262;24.36129017380744;135847.66849023264;177937.12102522556
Batched-2;Workload_Small;2x2304_2x4096;122801983;11.612590939684813;5223.5167407427625;132101.32286875194
Batched-2;Workload_Uniform;2x2304_2x4096;370374101;18.561600120756392;50055.20869668808;182595.19749271777
Batched-2;Workload_Low-energy skew;2x2304_2x4096;307405172;6.421700839211736;37884.34193641338;62904.27360205111
Batched-2;Workload_Large;1x512_3x4096;988805303;60.84024536610377;10052.545264807319;573573.9153638309
Batched-2;Workload_Medium;1x512_3x4096;369817255;27.17361694063924;50055.20869668808;278913.91541014827
Batched-2;Workload_Mid-energy skew;1x512_3x4096;308126130;7.796715620256312;10356.462207248182;74340.46539224079
Batched-2;Workload_High-energy skew;1x512_3x4096;325056744;31.265368273682864;85998.79787295396;307795.0530664638
Batched-2;Workload_Small;1x512_3x4096;123733060;10.674808794865275;50439.45046617984;115048.5667915166
Batched-2;Workload_Uniform;1x512_3x4096;369433177;17.02251391259358;10306.14483267188;158224.68809281028
Batched-2;Workload_Low-energy skew;1x512_3x4096;309374431;6.76545453447288;7501.1987582561715;68374.84063427118
Batched-2;Workload_Large;4x1024;996275303;186.42114146938164;14486.546248414968;1711628.1779090646
Batched-2;Workload_Medium;4x1024;370535377;74.25829915472498;15042.143496508928;693185.4983230721
Batched-2;Workload_Mid-energy skew;4x1024;308756671;16.021069353101392;14857.09023986031;130071.54089778622
Batched-2;Workload_High-energy skew;4x1024;324726305;93.1424168300783;152072.81181418966;861437.7158909847
Batched-2;Workload_Small;4x1024;124232609;29.829602321170896;7493.510624923819;295993.5423450995
Batched-2;Workload_Uniform;4x1024;369867384;31.50053864967419;14727.159229872983;208382.61983976257
Batched-2;Workload_Low-energy skew;4x1024;307296387;14.670828069798516;9563.98361399585;138162.0781931422
Batched-2;Workload_Large;4x512;987567350;260.61083162103165;113342.89389518891;2089138.0669657094
Batched-2;Workload_Medium;4x512;372621283;122.94060691196914;16550.3885529971;1093465.6297341944
Batched-2;Workload_Mid-energy skew;4x512;307627051;26.244902916183293;16631.192007026242;214710.11114708008
Batched-2;Workload_High-energy skew;4x512;323047064;122.94060691196914;215287.0740290928;951187.6216337983
Batched-2;Workload_Small;4x512;125746205;49.84012104507186;8388.31911213935;473008.560658231
Batched-2;Workload_Uniform;4x512;374848235;72.53779367101176;16550.3885529971;592081.847303129
Batched-2;Workload_Low-energy skew;4x512;308378611;23.87491882853943;10320.68121457348;219471.83623324253
Batched-2;Workload_Large;3x4096;505981220;75.98257566056495;10098.166351089832;567444.8471957754
Batched-2;Workload_Medium;3x4096;189518026;27.17361694063924;50055.20869668808;192950.01612944476
Batched-2;Workload_Mid-energy skew;3x4096;158011314;6.581419542639273;10356.462207248182;34591.31357702491
Batched-2;Workload_High-energy skew;3x4096;168419016;35.06221614941855;86946.71145857632;255770.53796132305
Batched-2;Workload_Small;3x4096;63173094;11.612590939684813;5223.5167407427625;94660.13336445931
Batched-2;Workload_Uniform;3x4096;189902475;13.591752734031004;10306.14483267188;62037.44347809265
Batched-2;Workload_Low-energy skew;3x4096;157925844;6.421700839211736;34900.72068323798;42744.39637397796
Batched-3;Workload_Large;4x2304;2631851631;76.62032438605556;19274.818036619;648876.2117593688
Batched-3;Workload_Medium;4x2304;1029652319;32.5798961783605;11783.424333964631;295641.09569334995
Batched-3;Workload_Mid-energy skew;4x2304;963632641;8.22725004593976;18188.590420598524;63540.83133975365
Batched-3;Workload_High-energy skew;4x2304;908609328;34.34975480539631;105010.16169152509;274002.3470332981
Batched-3;Workload_Small;4x2304;272080340;16.46977514673264;8967.23486175057;177868.31306747507
Batched-3;Workload_Uniform;4x2304;1038507199;18.059906367481105;11737.40045321155;131836.2936690078
Batched-3;Workload_Low-energy skew;4x2304;788225809;8.452315482295175;11034.9347248157;82517.03503746158
Batched-3;Workload_Large;1x512_1x1024_1x2304_1x4096;2634232551;76.29098032545839;117968.1675691372;515591.13707854424
Batched-3;Workload_Medium;1x512_1x1024_1x2304_1x4096;1030809460;22.939579145669022;67875.85562948867;115034.47902691696
Batched-3;Workload_Mid-energy skew;1x512_1x1024_1x2304_1x4096;793228215;7.26768624236238;20074.518417821066;47434.99837177511
Batched-3;Workload_High-energy skew;1x512_1x1024_1x2304_1x4096;837198456;35.64546871185303;237485.67039689794;230460.39957667305
Batched-3;Workload_Small;1x512_1x1024_1x2304_1x4096;274259009;35.64546871185303;147047.988648643;371026.9236153492
Batched-3;Workload_Uniform;1x512_1x1024_1x2304_1x4096;1039670961;50.025599963336404;69009.88088135052;482691.05800891464
Batched-3;Workload_Low-energy skew;1x512_1x1024_1x2304_1x4096;793608854;6.318742368201258;12488.51090116869;53834.34893767742
Batched-3;Workload_Large;4x1024_1x2304;5740619362;113.41564901700886;17499.822684227962;1300744.6990495666
Batched-3;Workload_Medium;4x1024_1x2304;2216569326;32.214926057252114;16210.251055109955;325126.14376194
Batched-3;Workload_Mid-energy skew;4x1024_1x2304;1691621007;8.22725004593976;29263.42969531741;72838.26652301903
Batched-3;Workload_High-energy skew;4x1024_1x2304;1753457464;29.713307980707533;262037.94207567896;174861.46130761792
Batched-3;Workload_Small;4x1024_1x2304;572904666;16.46977514673264;8943.264218267712;215475.75678937504
Batched-3;Workload_Uniform;4x1024_1x2304;2193467196;32.95532468226663;19146.641137318034;382328.8381629224
Batched-3;Workload_Low-energy skew;4x1024_1x2304;1664174474;12.702930017814685;63068.95439950448;158483.356701941
Batched-3;Workload_Large;2x512_1x1024_1x2304_1x4096;5615994316;57.5423914793952;119046.91526695334;493293.5463737075
Batched-3;Workload_Medium;2x512_1x1024_1x2304_1x4096;2201103739;30.344706498106326;61083.24602548496;310665.11148168583
Batched-3;Workload_Mid-energy skew;2x512_1x1024_1x2304_1x4096;1704321033;8.140469315517457;22176.392791007773;89238.94323228777
Batched-3;Workload_High-energy skew;2x512_1x1024_1x2304_1x4096;1982498781;27.12450766131214;95201.99462648004;278656.2378085657
Batched-3;Workload_Small;2x512_1x1024_1x2304_1x4096;575246651;35.64546871185303;147047.988648643;483791.57650837407
Batched-3;Workload_Uniform;2x512_1x1024_1x2304_1x4096;2206384474;30.344706498106326;63825.17887082867;345411.7865201087
Batched-3;Workload_Low-energy skew;2x512_1x1024_1x2304_1x4096;1667802846;6.318742368201258;15837.246886359626;73012.72995665326
Batched-3;Workload_Large;3x1024_2x4096;5687502923;59.126291255308324;20260.00416927223;600280.7725268144
Batched-3;Workload_Medium;3x1024_2x4096;2218536027;28.719591410718728;157581.59798005264;293819.21463807335
Batched-3;Workload_Mid-energy skew;3x1024_2x4096;1682499986;5.076114087488187;18364.47816202957;40531.518804958665
Batched-3;Workload_High-energy skew;3x1024_2x4096;1749991216;24.614036630233446;95568.46561689865;266658.64565421955
Batched-3;Workload_Small;3x1024_2x4096;570274700;14.4279625415802;73734.04599015704;181669.16168654375
Batched-3;Workload_Uniform;3x1024_2x4096;2195754090;29.829602321170896;12576.138716852936;383701.3190898881
Batched-3;Workload_Low-energy skew;3x1024_2x4096;1673505204;12.050803277209498;64728.9152955136;160277.71444737082
Batched-3;Workload_Large;2x2304_2x4096;2899045208;47.00231932815115;62101.51936743783;329402.79003166244
Batched-3;Workload_Medium;2x2304_2x4096;1038233181;16.741499675095703;80764.34954127505;85750.80352339124
Batched-3;Workload_Mid-energy skew;2x2304_2x4096;796347496;5.271979808807373;58585.33636098463;26421.232082928193
Batched-3;Workload_High-energy skew;2x2304_2x4096;832297292;21.1546320389067;136101.2303916708;130760.74788746347
Batched-3;Workload_Small;2x2304_2x4096;273767397;11.279639921136878;8207.137993918168;125839.44711327931
Batched-3;Workload_Uniform;2x2304_2x4096;1030010782;11.991588025649126;70608.59590636441;65490.910508766276
Batched-3;Workload_Low-energy skew;2x2304_2x4096;786040040;6.318742368201258;10293.770607441555;61845.00093077081
Batched-3;Workload_Large;1x512_3x4096;2635916173;51.57612712031608;49548.12107921505;425409.8711041478
Batched-3;Workload_Medium;1x512_3x4096;1036420505;18.37209346106243;10265.890933010838;143232.42788391848
Batched-3;Workload_Mid-energy skew;1x512_3x4096;788547274;5.817010245560928;15908.299817101315;42836.52553719915
Batched-3;Workload_High-energy skew;1x512_3x4096;831219193;21.49306504564794;131420.06393753205;153713.40387593122
Batched-3;Workload_Small;1x512_3x4096;272518518;8.15833044052124;61924.46001159768;70050.33139638387
Batched-3;Workload_Uniform;1x512_3x4096;1029782385;22.206520312355345;10275.325440743894;238327.29126942443
Batched-3;Workload_Low-energy skew;1x512_3x4096;786990379;5.106756989331444;38892.12700179828;41654.282260359185
Batched-3;Workload_Large;4x1024;2768871466;127.58891098760309;68771.8863787733;928246.5665024155
Batched-3;Workload_Medium;4x1024;1033951651;47.24338067568544;14727.159229872983;334188.32360535976
Batched-3;Workload_Mid-energy skew;4x1024;784011263;14.572448369151488;22821.60077598819;109471.09705333009
Batched-3;Workload_High-energy skew;4x1024;841334703;55.20198690995718;204933.62130422078;352438.88892103464
Batched-3;Workload_Small;4x1024;272025497;21.70505213737488;106640.50446842665;170889.1344404255
Batched-3;Workload_Uniform;4x1024;1029127467;56.673020428887305;24625.737097791818;540410.0759579232
Batched-3;Workload_Low-energy skew;4x1024;795034892;14.4279625415802;78049.40091928051;122957.29917002728
Batched-3;Workload_Large;4x512;2631664062;216.65951137322133;128745.0337451924;1525933.1025334497
Batched-3;Workload_Medium;4x512;1030122614;76.29098032545839;16500.896437404248;500061.3152170724
Batched-3;Workload_Mid-energy skew;4x512;789245792;26.535916869980106;25546.75365670575;217804.5485339621
Batched-3;Workload_High-energy skew;4x512;829788452;120.03315692069111;299395.27932590595;908351.0443832667
Batched-3;Workload_Small;4x512;270702093;50.025599963336404;11235.503546201824;472440.897992252
Batched-3;Workload_Uniform;4x512;1023515546;53.35704249488095;19305.659058101424;346388.4927340284
Batched-3;Workload_Low-energy skew;4x512;780315477;26.113783359527588;114888.12571473041;227106.2825839006
Batched-3;Workload_Large;3x4096;1011067351;47.36694618208172;53947.22939760893;212952.0932334732
Batched-3;Workload_Medium;3x4096;392226520;21.864662105903133;10275.325440743894;127943.85630931568
Batched-3;Workload_Mid-energy skew;3x4096;305163411;5.817010245560928;15829.04995214364;24396.15594741547
Batched-3;Workload_High-energy skew;3x4096;324680449;24.614036630233446;92596.96943831789;125411.91387539079
Batched-3;Workload_Small;3x4096;107933007;8.15833044052124;61924.46001159768;44241.40438384436
Batched-3;Workload_Uniform;3x4096;392172566;18.028339765801288;10265.890933010838;116581.72312380963
Batched-3;Workload_Low-energy skew;3x4096;304802556;5.106756989331444;38293.812131506544;25845.73523464695
Batched-4;Workload_Large;4x2304;8849378118;63.09950932040082;17660.034915074844;450698.33756208554
Batched-4;Workload_Medium;4x2304;3211745705;26.03846454184817;81468.00148108615;188631.7603346784
Batched-4;Workload_Mid-energy skew;4x2304;2211200649;9.223503720817158;27580.25913009351;76156.11571683025
Batched-4;Workload_High-energy skew;4x2304;2523057080;25.462184791072158;213901.64505419726;129008.61257873134
Batched-4;Workload_Small;4x2304;1122817908;10.776814583785429;8522.359826221005;93762.04675066599
Batched-4;Workload_Uniform;4x2304;3388726457;23.315184996316273;81468.00148108615;197457.36813552756
Batched-4;Workload_Low-energy skew;4x2304;2218414258;7.419469978270292;48055.89964146385;66538.24816548228
Batched-4;Workload_Large;1x512_1x1024_1x2304_1x4096;8969738827;89.90659085044265;18939.7247425092;666218.9611619697
Batched-4;Workload_Medium;1x512_1x1024_1x2304_1x4096;3226262747;24.860840210223202;67096.47856147483;183740.36004472224
Batched-4;Workload_Mid-energy skew;1x512_1x1024_1x2304_1x4096;2204095454;22.952761439022524;31313.393954971987;223508.86407158966
Batched-4;Workload_High-energy skew;1x512_1x1024_1x2304_1x4096;2420373840;36.549021799518506;200074.22429302623;246549.56478161045
Batched-4;Workload_Small;1x512_1x1024_1x2304_1x4096;1145721805;10.674808794865275;51218.4800844705;101823.5858220073
Batched-4;Workload_Uniform;1x512_1x1024_1x2304_1x4096;3459362338;18.37209346106243;13764.712075283784;150594.10298850213
Batched-4;Workload_Low-energy skew;1x512_1x1024_1x2304_1x4096;2226808987;5.881781023739815;11983.297412510037;48039.1279369409
Batched-4;Workload_Large;4x1024_1x2304;23628447424;103.77817732183331;20305.27550316904;1105148.987211068
Batched-4;Workload_Medium;4x1024_1x2304;8762291196;41.78063612612825;13232.279841542266;472039.8871001314
Batched-4;Workload_Mid-energy skew;4x1024_1x2304;5857832515;13.20159813517772;41122.57353584372;137862.5512007873
Batched-4;Workload_High-energy skew;4x1024_1x2304;6651353594;40.43826096238609;196017.27077585718;375762.15732226043
Batched-4;Workload_Small;4x1024_1x2304;2841091791;18.98564471162185;10105.16347552803;233444.8954384465
Batched-4;Workload_Uniform;4x1024_1x2304;8841355527;26.629382326412856;13232.279841542266;300197.59218763193
Batched-4;Workload_Low-energy skew;4x1024_1x2304;5785495604;13.129138344529748;61796.53207693483;164779.0988152488
Batched-4;Workload_Large;2x512_1x1024_1x2304_1x4096;23360535907;108.93866503686388;65157.85923719206;1254836.4236929454
Batched-4;Workload_Medium;2x512_1x1024_1x2304_1x4096;8892531587;28.91697287663473;123768.50465036996;283374.39011243166
Batched-4;Workload_Mid-energy skew;2x512_1x1024_1x2304_1x4096;5925453856;7.26768624236238;22992.657193488165;66227.09653952467
Batched-4;Workload_High-energy skew;2x512_1x1024_1x2304_1x4096;6595604758;27.12450766131214;105275.82256423013;273877.5824919448
Batched-4;Workload_Small;2x512_1x1024_1x2304_1x4096;2860757046;10.776814583785429;8677.947385270956;128548.58583142539
Batched-4;Workload_Uniform;2x512_1x1024_1x2304_1x4096;9091622646;24.708394550382906;15829.74507261188;271967.5516187788
Batched-4;Workload_Low-energy skew;2x512_1x1024_1x2304_1x4096;5790801355;7.67862057685852;60418.20215881997;85504.32600501007
Batched-4;Workload_Large;3x1024_2x4096;23275952079;58.05007708546119;17361.992343435653;583710.7947335131
Batched-4;Workload_Medium;3x1024_2x4096;9113426876;23.65978238146549;18061.30580539247;264839.41560544434
Batched-4;Workload_Mid-energy skew;3x1024_2x4096;6246248250;7.011304395547367;18212.733470063606;74141.39233244745
Batched-4;Workload_High-energy skew;3x1024_2x4096;6230064447;21.49306504564794;140806.6730275153;188969.06332762504
Batched-4;Workload_Small;3x1024_2x4096;2873765034;21.70505213737488;144002.06770699474;293288.0111478829
Batched-4;Workload_Uniform;3x1024_2x4096;8929776877;18.37209346106243;15650.783956510993;203838.47171793738
Batched-4;Workload_Low-energy skew;3x1024_2x4096;5929308410;5.531961764290085;45033.20439366971;62400.20500554332
Batched-4;Workload_Large;2x2304_2x4096;8746303120;41.42522890399011;117126.95839011918;228565.19000429765
Batched-4;Workload_Medium;2x2304_2x4096;3588794766;18.37209346106243;55767.9289355708;141959.27009583524
Batched-4;Workload_Mid-energy skew;2x2304_2x4096;2206948692;7.67862057685852;65556.33447226287;58690.041691699415
Batched-4;Workload_High-energy skew;2x2304_2x4096;2402220252;18.010714696770048;191224.83379805012;69194.09212708312
Batched-4;Workload_Small;2x2304_2x4096;1067067983;7.67862057685852;56020.004049524854;57903.88893281481
Batched-4;Workload_Uniform;2x2304_2x4096;3211754503;13.817540193471821;64055.24745083838;90396.95971480731
Batched-4;Workload_Low-energy skew;2x2304_2x4096;2218415290;7.419469978270292;47502.91198992971;72808.46408734059
Batched-4;Workload_Large;1x512_3x4096;8736601581;44.46052917235906;16843.086148237322;320433.0647516666
Batched-4;Workload_Medium;1x512_3x4096;3656813944;18.37209346106243;10265.890933010838;143232.42788391848
Batched-4;Workload_Mid-energy skew;1x512_3x4096;2199976867;7.011304395547367;10341.366994875292;62159.134957592374
Batched-4;Workload_High-energy skew;1x512_3x4096;2399326884;16.742269596712827;130420.06718786448;80408.34721984965
Batched-4;Workload_Small;1x512_3x4096;1083641623;7.370271149870598;7898.917766980294;64189.192352954095
Batched-4;Workload_Uniform;1x512_3x4096;3344721431;18.37209346106243;10265.890933010838;178905.11711235315
Batched-4;Workload_Low-energy skew;1x512_3x4096;2227126562;5.881781023739815;12811.68761495202;53745.577435988795
Batched-4;Workload_Large;4x1024;9142338285;98.45098206486905;115693.9345259898;521840.22736536356
Batched-4;Workload_Medium;4x1024;3323145328;47.24338067568544;92061.4355564573;331439.65725580265
Batched-4;Workload_Mid-energy skew;4x1024;2221663917;16.021069353101392;34605.52184695273;126154.89317549329
Batched-4;Workload_High-energy skew;4x1024;2424354083;45.94116826530414;305114.72577811126;209932.3069149844
Batched-4;Workload_Small;4x1024;1086231068;28.719591410718728;86511.2895049511;277315.86826881045
Batched-4;Workload_Uniform;4x1024;3290436254;31.50053864967419;113814.60136046495;190113.49702781643
Batched-4;Workload_Low-energy skew;4x1024;2584574133;14.670828069798516;15413.80902020359;136866.55231882862
Batched-4;Workload_Large;4x512;8794376530;190.82030592377592;128741.23122970868;1198707.1287754122
Batched-4;Workload_Medium;4x512;3440876744;69.08315633978974;158291.5704232382;379663.05669288134
Batched-4;Workload_Mid-energy skew;4x512;2308508313;26.244902916183293;38737.805926217734;210000.2751164609
Batched-4;Workload_High-energy skew;4x512;2427023334;76.5083559055612;433734.98034527857;332817.4800623819
Batched-4;Workload_Small;4x512;1074994369;30.515645278167977;10889.565881064558;222097.1918021222
Batched-4;Workload_Uniform;4x512;3529686051;70.80106731497175;16500.896437404248;570001.8601547666
Batched-4;Workload_Low-energy skew;4x512;2291251538;21.63537781878213;93663.32353910626;188700.7715058079
Batched-4;Workload_Large;3x4096;2471536042;40.652993645005985;12378.319363621044;131634.63376807352
Batched-4;Workload_Medium;3x4096;928897869;21.49306504564794;13403.749918184094;122238.99418655821
Batched-4;Workload_Mid-energy skew;3x4096;650978927;6.581419542639273;17231.954358152194;33343.80331287113
Batched-4;Workload_High-energy skew;3x4096;718842262;17.34340085562981;131076.31505483383;34767.02539585425
Batched-4;Workload_Small;3x4096;310520778;7.370271149870598;7898.917766980294;40873.29560711417
Batched-4;Workload_Uniform;3x4096;930720768;18.37209346106243;10265.890933010838;120784.88985984924
Batched-4;Workload_Low-energy skew;3x4096;652861304;6.76545453447288;10637.250247972068;46247.55567469651
